Date,Cumulative_Return
2015-01-02,1.0
2015-01-05,1.0
2015-01-06,1.0
2015-01-07,1.0
2015-01-08,1.0
2015-01-09,1.0
2015-01-12,1.0
2015-01-13,1.0
2015-01-14,1.0
2015-01-15,1.0
2015-01-16,1.0
2015-01-20,1.0
2015-01-21,1.0
2015-01-22,1.0
2015-01-23,1.0
2015-01-26,1.0
2015-01-27,1.0
2015-01-28,1.0
2015-01-29,1.0
2015-01-30,1.0
2015-02-02,0.9994
2015-02-03,1.006149464486506
2015-02-04,1.0096309590342338
2015-02-05,1.016512246506622
2015-02-06,1.0127632631639993
2015-02-09,1.0082047479812968
2015-02-10,1.0154092177265739
2015-02-11,1.0186201217377728
2015-02-12,1.025783188040034
2015-02-13,1.0277107308653417
2015-02-17,1.0260469082716153
2015-02-18,1.0261217232331232
2015-02-19,1.035533425548067
2015-02-20,1.0428401759824462
2015-02-23,1.0381187002968029
2015-02-24,1.0361277118627497
2015-02-25,1.036524745450106
2015-02-26,1.0555053256439968
2015-02-27,1.0481725652916236
2015-03-02,1.0580540617452736
2015-03-03,1.053364023120163
2015-03-04,1.0547733442761482
2015-03-05,1.0582553493990272
2015-03-06,1.0454431272444518
2015-03-09,1.0463514970991241
2015-03-10,1.0327961064978877
2015-03-11,1.028620672224197
2015-03-12,1.0333530959665063
2015-03-13,1.0298049097093296
2015-03-16,1.0371670314416337
2015-03-17,1.0388136280437494
2015-03-18,1.0426449728787588
2015-03-19,1.047062229574281
2015-03-20,1.0516329183050208
2015-03-23,1.0502379799877029
2015-03-24,1.051272793883935
2015-03-25,1.0316512249875966
2015-03-26,1.0305775742460634
2015-03-27,1.0298995633900159
2015-03-30,1.0329560491213599
2015-03-31,1.028221526905474
2015-04-01,1.0266785943376704
2015-04-02,1.0274901755937145
2015-04-06,1.0288800657754094
2015-04-07,1.0268471058646595
2015-04-08,1.0286788966703413
2015-04-09,1.0296906074322532
2015-04-10,1.0300093784426618
2015-04-13,1.0270039750547684
2015-04-14,1.0263288871015268
2015-04-15,1.0270136251156632
2015-04-16,1.0261152142359946
2015-04-17,1.0206833800974464
2015-04-20,1.024255361818932
2015-04-21,1.0256542905335642
2015-04-22,1.0305297069610981
2015-04-23,1.0301207661881542
2015-04-24,1.0541596015000665
2015-04-27,1.0606404209640472
2015-04-28,1.0589351671986087
2015-04-29,1.0567163702177649
2015-04-30,1.0458670002863864
2015-05-01,1.0522123729065416
2015-05-04,1.052901227781319
2015-05-05,1.0450079704038093
2015-05-06,1.0407930776712617
2015-05-07,1.0482795152941473
2015-05-08,1.0519101251342973
2015-05-11,1.0500423631928983
2015-05-12,1.0513774221643013
2015-05-13,1.0508935051062351
2015-05-14,1.0546075165549549
2015-05-15,1.0544505062586522
2015-05-18,1.0565730396239799
2015-05-19,1.0544693433522103
2015-05-20,1.0538553987415424
2015-05-21,1.0576362903844163
2015-05-22,1.0585854922012665
2015-05-26,1.0544458196157922
2015-05-27,1.0630550219047534
2015-05-28,1.0645838349283574
2015-05-29,1.0663993913797107
2015-06-01,1.0674843814039656
2015-06-02,1.064947359527555
2015-06-03,1.0687769088059376
2015-06-04,1.0612029528144098
2015-06-05,1.062829888692467
2015-06-08,1.0570997080741293
2015-06-09,1.058405220930565
2015-06-10,1.0593879633198797
2015-06-11,1.0589171270274254
2015-06-12,1.0513793301875187
2015-06-15,1.0521753363000452
2015-06-16,1.0527419108599798
2015-06-17,1.0574221581319954
2015-06-18,1.0657278601163271
2015-06-19,1.0642165745300325
2015-06-22,1.06648378858103
2015-06-23,1.0727857079001628
2015-06-24,1.0678271699548796
2015-06-25,1.0679296648956014
2015-06-26,1.0658693904068202
2015-06-29,1.0566756793835599
2015-06-30,1.0590495351691047
2015-07-01,1.0616136006646277
2015-07-02,1.0663367536974715
2015-07-06,1.0658404379198032
2015-07-07,1.0631383594655002
2015-07-08,1.0512402107876244
2015-07-09,1.0511051067519055
2015-07-10,1.0597731085560405
2015-07-13,1.0723004842674566
2015-07-14,1.0776135305910135
2015-07-15,1.0747700661182056
2015-07-16,1.0850534211731038
2015-07-17,1.1133365238866646
2015-07-20,1.1236940875077794
2015-07-21,1.1170219436124724
2015-07-22,1.1082992240962797
2015-07-23,1.1005208884138018
2015-07-24,1.1071804008081298
2015-07-27,1.1019011246231378
2015-07-28,1.102941864337917
2015-07-29,1.1087274974068133
2015-07-30,1.1103109508002849
2015-07-31,1.1068577893303873
2015-08-03,1.1095763287682427
2015-08-04,1.1103180123678653
2015-08-05,1.120475788275404
2015-08-06,1.103420228243325
2015-08-07,1.1130854956022116
2015-08-10,1.1190203557091163
2015-08-11,1.1201663803938524
2015-08-12,1.122287004721219
2015-08-13,1.119939421129029
2015-08-14,1.1236352116756136
2015-08-17,1.1250675268090067
2015-08-18,1.1231835034624358
2015-08-19,1.1193911541974406
2015-08-20,1.1081020659349647
2015-08-21,1.0921141695351166
2015-08-24,1.0831238701291879
2015-08-25,1.080874978507664
2015-08-26,1.089029506196046
2015-08-27,1.0930151028638133
2015-08-28,1.092035503404775
2015-08-31,1.0873483662280925
2015-09-01,1.0770926692221614
2015-09-02,1.0803399145331218
2015-09-03,1.0805237695157248
2015-09-04,1.0754973600358955
2015-09-08,1.0752822605638883
2015-09-09,1.0739461686440617
2015-09-10,1.0750696126422632
2015-09-11,1.0778022028213605
2015-09-14,1.0791632225881533
2015-09-15,1.0818413497071773
2015-09-16,1.079630235166503
2015-09-17,1.079707167136157
2015-09-18,1.0765831514234074
2015-09-21,1.0831717383408213
2015-09-22,1.0668137088537433
2015-09-23,1.0717124028519327
2015-09-24,1.0739794028917318
2015-09-25,1.0721990860380635
2015-09-28,1.0469468005563616
2015-09-29,1.0488083576291554
2015-09-30,1.0542729296480888
2015-10-01,1.0490462933287081
2015-10-02,1.0586865053933396
2015-10-05,1.0737381772455519
2015-10-06,1.0689593943992735
2015-10-07,1.0715255902478176
2015-10-08,1.0733206622615448
2015-10-09,1.0772312120891072
2015-10-12,1.0816261980532522
2015-10-13,1.079960316751503
2015-10-14,1.0799046647893489
2015-10-15,1.0908720028758723
2015-10-16,1.099189701567698
2015-10-19,1.1029421613335884
2015-10-20,1.096933074259627
2015-10-21,1.0923245136852946
2015-10-22,1.1091229173334154
2015-10-23,1.1417722553338452
2015-10-26,1.1415262692992418
2015-10-27,1.1404853157511219
2015-10-28,1.1539690605208737
2015-10-29,1.1457337880404448
2015-10-30,1.140823850192096
2015-11-02,1.1483491303735733
2015-11-03,1.147291807810011
2015-11-04,1.1510982921083006
2015-11-05,1.1542909867944315
2015-11-06,1.1806751927357837
2015-11-09,1.1662512731517758
2015-11-10,1.1521063776164264
2015-11-11,1.1558972293231884
2015-11-12,1.1456134028748577
2015-11-13,1.1259540612834915
2015-11-16,1.136600566182246
2015-11-17,1.137114514043918
2015-11-18,1.1629012515796768
2015-11-19,1.1642730013790146
2015-11-20,1.1706251545014839
2015-11-23,1.1676802080529365
2015-11-24,1.1691984561720286
2015-11-25,1.1734888990563648
2015-11-27,1.178464818009271
2015-11-30,1.1745247358888236
2015-12-01,1.1948444123417992
2015-12-02,1.1879181817120235
2015-12-03,1.1939731833369571
2015-12-04,1.2104182035154958
2015-12-07,1.209415715445219
2015-12-08,1.212398172327612
2015-12-09,1.1926014540030412
2015-12-10,1.1970727329248447
2015-12-11,1.1790938041129997
2015-12-14,1.1821022441480917
2015-12-15,1.1844241104479756
2015-12-16,1.2064808483531042
2015-12-17,1.1948690524178904
2015-12-18,1.1816682869672497
2015-12-21,1.1917349938390733
2015-12-22,1.1910642554582178
2015-12-23,1.1934546447052439
2015-12-24,1.1937097224554414
2015-12-28,1.1930767081648879
2015-12-29,1.204872408158874
2015-12-30,1.200302415456564
2015-12-31,1.1895125780587885
2016-01-04,1.1689806560147482
2016-01-05,1.1693970249881913
2016-01-06,1.1693970249881913
2016-01-07,1.1693970249881913
2016-01-08,1.1693970249881913
2016-01-11,1.1693970249881913
2016-01-12,1.1693970249881913
2016-01-13,1.1693970249881913
2016-01-14,1.1693970249881913
2016-01-15,1.1693970249881913
2016-01-19,1.1693970249881913
2016-01-20,1.1693970249881913
2016-01-21,1.1693970249881913
2016-01-22,1.1693970249881913
2016-01-25,1.1693970249881913
2016-01-26,1.1693970249881913
2016-01-27,1.1693970249881913
2016-01-28,1.1692800852856926
2016-01-29,1.1726022064829078
2016-02-01,1.1756118212739617
2016-02-02,1.175003949230824
2016-02-03,1.1681738592030413
2016-02-04,1.1657764625519185
2016-02-05,1.1522402414109738
2016-02-08,1.1473420157020835
2016-02-09,1.1479946297005224
2016-02-10,1.1487927337933868
2016-02-11,1.1497129052755268
2016-02-12,1.1517122661520622
2016-02-16,1.1509286279549296
2016-02-17,1.1669785801525043
2016-02-18,1.1649485092033005
2016-02-19,1.1681385763927083
2016-02-22,1.1800808704904586
2016-02-23,1.172465345163233
2016-02-24,1.176902304656393
2016-02-25,1.181860860975071
2016-02-26,1.1721328349575475
2016-02-29,1.1721209008121534
2016-03-01,1.1773417699642004
2016-03-02,1.1768571636306007
2016-03-03,1.1798219312658385
2016-03-04,1.1910458353764626
2016-03-07,1.1785446429406856
2016-03-08,1.17472879683197
2016-03-09,1.188693268121978
2016-03-10,1.1881624308655678
2016-03-11,1.2059052812093896
2016-03-14,1.212010743598699
2016-03-15,1.220356017893852
2016-03-16,1.2314807479157615
2016-03-17,1.233327655208365
2016-03-18,1.2314018505253592
2016-03-21,1.2386635293163113
2016-03-22,1.2369300248834387
2016-03-23,1.233464142271428
2016-03-24,1.2393715791489175
2016-03-28,1.2400177838953401
2016-03-29,1.2587429844595168
2016-03-30,1.2669553976550734
2016-03-31,1.262992701706983
2016-04-01,1.2802318683665515
2016-04-04,1.277462174466981
2016-04-05,1.272074681522575
2016-04-06,1.29029369597667
2016-04-07,1.2703753024628734
2016-04-08,1.267714941076746
2016-04-11,1.2651607958599325
2016-04-12,1.269533032615362
2016-04-13,1.2854467755257428
2016-04-14,1.2846424572547297
2016-04-15,1.284993423724058
2016-04-18,1.2865754447871287
2016-04-19,1.2734534879734825
2016-04-20,1.272277590811728
2016-04-21,1.2687737557583447
2016-04-22,1.2505121289349732
2016-04-25,1.251500844450662
2016-04-26,1.2504518863012626
2016-04-27,1.2499998975612663
2016-04-28,1.243220271759438
2016-04-29,1.2499690076234224
2016-05-02,1.2557838290576167
2016-05-03,1.2526997242358782
2016-05-04,1.2538498256215773
2016-05-05,1.2516061642857486
2016-05-06,1.2569885190297303
2016-05-09,1.257681613525334
2016-05-10,1.2647405910912068
2016-05-11,1.2647561322406318
2016-05-12,1.2668483895939202
2016-05-13,1.2625207902766808
2016-05-16,1.2651182813576851
2016-05-17,1.2589764424405152
2016-05-18,1.262908956540536
2016-05-19,1.2626280792539153
2016-05-20,1.2645879943991345
2016-05-23,1.262211971622006
2016-05-24,1.268129739696902
2016-05-25,1.272404369224236
2016-05-26,1.2764303458079742
2016-05-27,1.2794920476469536
2016-05-31,1.2848049821872678
2016-06-01,1.2824055400213517
2016-06-02,1.2815991543123892
2016-06-03,1.2820357182028779
2016-06-06,1.2842209372468083
2016-06-07,1.2932538091128796
2016-06-08,1.2966924778691267
2016-06-09,1.2975866187823843
2016-06-10,1.2815243176877773
2016-06-13,1.2762897116609486
2016-06-14,1.275895476683579
2016-06-15,1.2763040710185547
2016-06-16,1.279385705917043
2016-06-17,1.264056257021486
2016-06-20,1.2707993758768041
2016-06-21,1.2706431002090441
2016-06-22,1.255361942866356
2016-06-23,1.2635367783674178
2016-06-24,1.2400012938087697
2016-06-27,1.237694800453786
2016-06-28,1.238782073326253
2016-06-29,1.2410250190997367
2016-06-30,1.2447075089260753
2016-07-01,1.2422876177403714
2016-07-05,1.244783662803644
2016-07-06,1.24722270774778
2016-07-07,1.2582890548723038
2016-07-08,1.267036699921548
2016-07-11,1.2734845144931057
2016-07-12,1.2752143124089226
2016-07-13,1.2726809284799028
2016-07-14,1.2740670959930078
2016-07-15,1.2698824345428645
2016-07-18,1.2829779637019538
2016-07-19,1.2831968796030877
2016-07-20,1.2975270830796628
2016-07-21,1.2846763011468945
2016-07-22,1.2917566055182217
2016-07-25,1.297014575293258
2016-07-26,1.2985583370061642
2016-07-27,1.3079845527314413
2016-07-28,1.3163651878686626
2016-07-29,1.3260414579478292
2016-08-01,1.329689345879313
2016-08-02,1.3201961374875655
2016-08-03,1.3203061315865605
2016-08-04,1.3332708015739607
2016-08-05,1.3456405553283965
2016-08-08,1.3434890438375944
2016-08-09,1.3495234682716695
2016-08-10,1.3464738979071633
2016-08-11,1.3496362077440718
2016-08-12,1.3583341036512788
2016-08-15,1.3603151479927251
2016-08-16,1.3536735195461225
2016-08-17,1.3527496673023056
2016-08-18,1.3541923460411434
2016-08-19,1.3546631077924878
2016-08-22,1.354199185486376
2016-08-23,1.357562021460562
2016-08-24,1.3506529214690997
2016-08-25,1.3477980521431345
2016-08-26,1.3505655133298993
2016-08-29,1.3530902637301272
2016-08-30,1.3490722603492822
2016-08-31,1.3476984150116738
2016-09-01,1.353601384244656
2016-09-02,1.3513710824235539
2016-09-06,1.356672228495257
2016-09-07,1.3523853995985862
2016-09-08,1.3514893651460198
2016-09-09,1.3370757056126594
2016-09-12,1.3387483824939233
2016-09-13,1.3372087510273556
2016-09-14,1.3376636920630895
2016-09-15,1.3424174496467587
2016-09-16,1.342992151789227
2016-09-19,1.342173042155405
2016-09-20,1.3416805561965452
2016-09-21,1.3491605040561254
2016-09-22,1.3561648334285858
2016-09-23,1.3509573995379793
2016-09-26,1.3456703602881117
2016-09-27,1.3567677943731045
2016-09-28,1.360568019762628
2016-09-29,1.3561938215725189
2016-09-30,1.3622808056813904
2016-10-03,1.3665611681157093
2016-10-04,1.3628718511054687
2016-10-05,1.3624423896247648
2016-10-06,1.356651349240081
2016-10-07,1.3520290500854029
2016-10-10,1.3631176275865617
2016-10-11,1.3511616245733382
2016-10-12,1.3542666843797102
2016-10-13,1.3450292555392913
2016-10-14,1.3471768295956004
2016-10-17,1.3446018884045547
2016-10-18,1.3508038953811266
2016-10-19,1.349187316275012
2016-10-20,1.3505693744739071
2016-10-21,1.3508524765895034
2016-10-24,1.3703115192695672
2016-10-25,1.367055440524905
2016-10-26,1.358650795187572
2016-10-27,1.3502104587107733
2016-10-28,1.346670632784267
2016-10-31,1.3456854071476474
2016-11-01,1.335292219149654
2016-11-02,1.3282739639584937
2016-11-03,1.3261373251541044
2016-11-04,1.3231040120077657
2016-11-07,1.333938133225615
2016-11-08,1.3359343040880947
2016-11-09,1.3273254485097412
2016-11-10,1.3105174902597554
2016-11-11,1.3501631183499183
2016-11-14,1.3478342387402498
2016-11-15,1.3538512041780413
2016-11-16,1.3650767337347582
2016-11-17,1.3676311796673388
2016-11-18,1.3676532649710678
2016-11-21,1.368852400795374
2016-11-22,1.370149794677886
2016-11-23,1.3682958636794211
2016-11-25,1.3688648351606358
2016-11-28,1.3667788366944669
2016-11-29,1.3674462592232468
2016-11-30,1.3589460391497195
2016-12-01,1.345036633623806
2016-12-02,1.346569254114161
2016-12-05,1.3526096053654237
2016-12-06,1.35513904309516
2016-12-07,1.3599899137121316
2016-12-08,1.359951683254419
2016-12-09,1.3630953440413671
2016-12-12,1.3591924519466783
2016-12-13,1.3750094076684636
2016-12-14,1.3792301602512775
2016-12-15,1.3847813181454511
2016-12-16,1.3874365396378159
2016-12-19,1.3960585158469165
2016-12-20,1.4071619683832663
2016-12-21,1.406122535748801
2016-12-22,1.405724539937367
2016-12-23,1.4124970666329446
2016-12-27,1.4278294252265467
2016-12-28,1.4128020311242484
2016-12-29,1.4109099541596017
2016-12-30,1.393057167708289
2017-01-03,1.3946538666263797
2017-01-04,1.405506988058986
2017-01-05,1.4059918909908635
2017-01-06,1.4217520259429288
2017-01-09,1.4290413312756802
2017-01-10,1.4282222537292824
2017-01-11,1.430653883877068
2017-01-12,1.4291810614704439
2017-01-13,1.4379130425804738
2017-01-17,1.432087439192093
2017-01-18,1.4364171118381261
2017-01-19,1.440877289555765
2017-01-20,1.4447186803481722
2017-01-23,1.4526942639096043
2017-01-24,1.4629082580554111
2017-01-25,1.4758370159972627
2017-01-26,1.4789796456114614
2017-01-27,1.4785537729509624
2017-01-30,1.4661766735099349
2017-01-31,1.4607123192926874
2017-02-01,1.477183631601128
2017-02-02,1.4844619506159136
2017-02-03,1.481643573916923
2017-02-06,1.489796716412785
2017-02-07,1.4948158475496072
2017-02-08,1.5033534866444542
2017-02-09,1.5092136254352662
2017-02-10,1.508451671666764
2017-02-13,1.5144213577951797
2017-02-14,1.5181783806159
2017-02-15,1.5191869808357363
2017-02-16,1.5165145701119502
2017-02-17,1.521351340225872
2017-02-21,1.5375560508265602
2017-02-22,1.539025727996891
2017-02-23,1.5100548784153014
2017-02-24,1.5113699033418728
2017-02-27,1.5070307361341675
2017-02-28,1.5041525346124403
2017-03-01,1.5164191080246243
2017-03-02,1.5126473791471546
2017-03-03,1.5100286896417345
2017-03-06,1.5037908334175847
2017-03-07,1.5050700241601638
2017-03-08,1.506983478123198
2017-03-09,1.5090340800441693
2017-03-10,1.5147218736285881
2017-03-13,1.5156935403368479
2017-03-14,1.512823381908573
2017-03-15,1.5196820237943378
2017-03-16,1.5186464185429323
2017-03-17,1.5180202887771954
2017-03-20,1.5194794657519368
2017-03-21,1.5008411435034137
2017-03-22,1.5046553206648525
2017-03-23,1.5028281165444877
2017-03-24,1.5056585273468692
2017-03-27,1.5109055725238871
2017-03-28,1.5212866407484815
2017-03-29,1.5259435410461681
2017-03-30,1.5284080329207643
2017-03-31,1.5282291648869515
2017-04-03,1.5387238243949306
2017-04-04,1.5337319853905353
2017-04-05,1.5248821438681188
2017-04-06,1.5276131793680725
2017-04-07,1.5280485624772946
2017-04-10,1.5318988926385264
2017-04-11,1.5253983198414298
2017-04-12,1.5197299438870224
2017-04-13,1.5175473791852672
2017-04-17,1.522801123637686
2017-04-18,1.5226446978807244
2017-04-19,1.5238992049946507
2017-04-20,1.5280288524142691
2017-04-21,1.5305370490044314
2017-04-24,1.5479286867368278
2017-04-25,1.5570118375916258
2017-04-26,1.5558738329895492
2017-04-27,1.5598930320765179
2017-04-28,1.5720346719112699
2017-05-01,1.5852362079521063
2017-05-02,1.5902977998889951
2017-05-03,1.5849794825169292
2017-05-04,1.575820035616155
2017-05-05,1.5843909669625857
2017-05-08,1.589623564853258
2017-05-09,1.5998326295953258
2017-05-10,1.630434771257368
2017-05-11,1.6351735121858562
2017-05-12,1.6434445750802988
2017-05-15,1.6511475428119071
2017-05-16,1.6599741819996316
2017-05-17,1.6115470025437475
2017-05-18,1.6382788732605753
2017-05-19,1.640735752354201
2017-05-22,1.655673382544592
2017-05-23,1.650534627138757
2017-05-24,1.6609412269609958
2017-05-25,1.6781183084994848
2017-05-26,1.692025221233649
2017-05-30,1.7029134259847352
2017-05-31,1.7017198583188393
2017-06-01,1.7001862957047187
2017-06-02,1.724051035924981
2017-06-05,1.7345979363546478
2017-06-06,1.7344057671476252
2017-06-07,1.7430250711498672
2017-06-08,1.7593327695361567
2017-06-09,1.715672128821783
2017-06-12,1.7110237125507266
2017-06-13,1.7280331787352352
2017-06-14,1.7263746365943302
2017-06-15,1.7177806993270237
2017-06-16,1.7057888955369174
2017-06-19,1.7208114139221684
2017-06-20,1.7172612976723263
2017-06-21,1.7308071584115854
2017-06-22,1.728553976125166
2017-06-23,1.730688009796564
2017-06-26,1.719413069383215
2017-06-27,1.6919683466841242
2017-06-28,1.7017392435661989
2017-06-29,1.683683013237008
2017-06-30,1.680770399215922
2017-07-03,1.670342898279065
2017-07-05,1.6580824356998471
2017-07-06,1.6580824356998471
2017-07-07,1.6580824356998471
2017-07-10,1.6575850109691372
2017-07-11,1.661126662600442
2017-07-12,1.676804655975445
2017-07-13,1.6759965809408939
2017-07-14,1.6886616826345768
2017-07-17,1.68996957951871
2017-07-18,1.70108931191912
2017-07-19,1.7077016263300124
2017-07-20,1.7102064867415572
2017-07-21,1.709038432207037
2017-07-24,1.7123413939422623
2017-07-25,1.70869630709815
2017-07-26,1.7150981210050016
2017-07-27,1.701759480272809
2017-07-28,1.6992317250127706
2017-07-31,1.6823021608648323
2017-08-01,1.6878107185323177
2017-08-02,1.6990986051406183
2017-08-03,1.690978680133224
2017-08-04,1.6985420610152289
2017-08-07,1.711376310068878
2017-08-08,1.715501803738592
2017-08-09,1.7141971421120406
2017-08-10,1.684499454719849
2017-08-11,1.6797498508792572
2017-08-14,1.6904941019856896
2017-08-15,1.6929213667163743
2017-08-16,1.6941548840455978
2017-08-17,1.6734316434377985
2017-08-18,1.6687413524782702
2017-08-21,1.6649513732639218
2017-08-22,1.6704349983137419
2017-08-23,1.676094994165491
2017-08-24,1.66364072593988
2017-08-25,1.6537309000703473
2017-08-28,1.6540613514459843
2017-08-29,1.6565788997826074
2017-08-30,1.662633222070995
2017-08-31,1.6725668064360155
2017-09-01,1.6712748560458948
2017-09-05,1.658677506187806
2017-09-06,1.657406747944544
2017-09-07,1.6611266883478446
2017-09-08,1.6486412640136903
2017-09-11,1.6603932219443507
2017-09-12,1.6625047007694052
2017-09-13,1.6664967978875926
2017-09-14,1.6639120192628731
2017-09-15,1.6757715957456443
2017-09-18,1.6774175750127938
2017-09-19,1.677264682289036
2017-09-20,1.670013096344172
2017-09-21,1.656602484534669
2017-09-22,1.645176850248121
2017-09-25,1.6244106073238929
2017-09-26,1.627611431835651
2017-09-27,1.63673916552663
2017-09-28,1.6368928032953174
2017-09-29,1.6416730358818927
2017-10-02,1.6422652676922613
2017-10-03,1.6418149545803427
2017-10-04,1.6432085683891666
2017-10-05,1.6508965121459542
2017-10-06,1.6446942651990066
2017-10-09,1.6428416509952257
2017-10-10,1.6446036478419919
2017-10-11,1.650575948107989
2017-10-12,1.6507413090156007
2017-10-13,1.6557611731991189
2017-10-16,1.6603273348367658
2017-10-17,1.6629051394093777
2017-10-18,1.6601148227086375
2017-10-19,1.652307551097856
2017-10-20,1.6540273830719492
2017-10-23,1.6442535449703515
2017-10-24,1.6519478835820718
2017-10-25,1.6441625250222156
2017-10-26,1.6457722069385723
2017-10-27,1.709339180827969
2017-10-30,1.7236747509601547
2017-10-31,1.7264249205524518
2017-11-01,1.7252165637321963
2017-11-02,1.7221249540389143
2017-11-03,1.7422053713834817
2017-11-06,1.7478868979901305
2017-11-07,1.7495303569572198
2017-11-08,1.7544549752554217
2017-11-09,1.7420316653178418
2017-11-10,1.7498842576033886
2017-11-13,1.7490072472626237
2017-11-14,1.7499279356627535
2017-11-15,1.7383363772238536
2017-11-16,1.7544992396439287
2017-11-17,1.746807441112275
2017-11-20,1.7517624276161912
2017-11-21,1.7708993827079718
2017-11-22,1.769353398509045
2017-11-24,1.783445619016548
2017-11-27,1.7882408249274915
2017-11-28,1.7820592549207155
2017-11-29,1.746694926080393
2017-11-30,1.7644891233746856
2017-12-01,1.7585337866229191
2017-12-04,1.7449325555451136
2017-12-05,1.7445221673371771
2017-12-06,1.7530472079529555
2017-12-07,1.748718762938498
2017-12-08,1.7511227976058708
2017-12-11,1.764273824888357
2017-12-12,1.7676491876465197
2017-12-13,1.7666647474544168
2017-12-14,1.765989268073012
2017-12-15,1.7877918348715445
2017-12-18,1.7893664904641373
2017-12-19,1.7767101649427126
2017-12-20,1.7703130656225945
2017-12-21,1.7697063586464534
2017-12-22,1.765157886541685
2017-12-26,1.7556651073527452
2017-12-27,1.753370627651747
2017-12-28,1.7527136511059043
2017-12-29,1.740106242682294
2018-01-02,1.7480052471208827
2018-01-03,1.7683145051246671
2018-01-04,1.7708681108655357
2018-01-05,1.7854320026261432
2018-01-08,1.8071204627187158
2018-01-09,1.8010431906169084
2018-01-10,1.7972545854194788
2018-01-11,1.8032656855938805
2018-01-12,1.809214939030417
2018-01-16,1.8010490183865895
2018-01-17,1.8174681012127094
2018-01-18,1.8177787295072545
2018-01-19,1.8246642804010338
2018-01-22,1.8429973071009977
2018-01-23,1.8577210945286788
2018-01-24,1.840247867621484
2018-01-25,1.845669207158478
2018-01-26,1.8664359520906428
2018-01-29,1.859762909866872
2018-01-30,1.8542802261495381
2018-01-31,1.8630410455052957
2018-02-01,1.8518167913975574
2018-02-02,1.8266205307932057
2018-02-05,1.7594791241328318
2018-02-06,1.7660834857809815
2018-02-07,1.7619119652313748
2018-02-08,1.7202064355419286
2018-02-09,1.7184740057522019
2018-02-12,1.7231364636612274
2018-02-13,1.7299555590068454
2018-02-14,1.7434969196819696
2018-02-15,1.752257352707114
2018-02-16,1.74474280974604
2018-02-20,1.7522254111027837
2018-02-21,1.7463141922457344
2018-02-22,1.747454327034774
2018-02-23,1.7589641055658458
2018-02-26,1.7701800817747702
2018-02-27,1.7616508717677484
2018-02-28,1.7527357008711402
2018-03-01,1.7431533582902705
2018-03-02,1.7449780569886688
2018-03-05,1.7450698850617659
2018-03-06,1.7533727385797475
2018-03-07,1.7491327297625658
2018-03-08,1.7528476837326314
2018-03-09,1.7807315569761766
2018-03-12,1.8060386397165824
2018-03-13,1.7869215895376314
2018-03-14,1.7764434167217713
2018-03-15,1.7807026038207538
2018-03-16,1.7675400043809408
2018-03-19,1.7251922391089012
2018-03-20,1.7284883214066902
2018-03-21,1.7199829851392294
2018-03-22,1.696722860371988
2018-03-23,1.69113217491303
2018-03-26,1.6909630616955387
2018-03-27,1.684402292432794
2018-03-28,1.6842338522035507
2018-03-29,1.6841875537006175
2018-04-02,1.6807788278760276
2018-04-03,1.6807788278760276
2018-04-04,1.6806107499932401
2018-04-05,1.6812056701097409
2018-04-06,1.679106440889833
2018-04-09,1.679106440889833
2018-04-10,1.679106440889833
2018-04-11,1.679106440889833
2018-04-12,1.678938530245744
2018-04-13,1.6790185617362534
2018-04-16,1.6840579771423474
2018-04-17,1.6847817465174293
2018-04-18,1.6840520402674213
2018-04-19,1.6727597442028919
2018-04-20,1.6621775323722825
2018-04-23,1.6612957608056815
2018-04-24,1.633145514143083
2018-04-25,1.6337308139002809
2018-04-26,1.6587786816951662
2018-04-27,1.6716726048251356
2018-04-30,1.6653283909318675
2018-05-01,1.6800227587205363
2018-05-02,1.6809638248452663
2018-05-03,1.6751890352580308
2018-05-04,1.6930622292386293
2018-05-07,1.7096936869319104
2018-05-08,1.7134640962797818
2018-05-09,1.7317516416240086
2018-05-10,1.7431474430543101
2018-05-11,1.7364777600421597
2018-05-14,1.7321221986851272
2018-05-15,1.7091939872468014
2018-05-16,1.7144162419526288
2018-05-17,1.7128818878856147
2018-05-18,1.7089993371430716
2018-05-21,1.714179446331324
2018-05-22,1.7031944358429856
2018-05-23,1.7173477607515502
2018-05-24,1.7185790931983103
2018-05-25,1.7239002801061551
2018-05-29,1.718883014403184
2018-05-30,1.7313629911154933
2018-05-31,1.7373049103393
2018-06-01,1.756027368948481
2018-06-04,1.7740941446537395
2018-06-05,1.7757483535458543
2018-06-06,1.7784527003094877
2018-06-07,1.7720011700394493
2018-06-08,1.7710893517960187
2018-06-11,1.7845305973459618
2018-06-12,1.79894223086974
2018-06-13,1.799778246639254
2018-06-14,1.8233406410875137
2018-06-15,1.8238535302990209
2018-06-18,1.8297399002990216
2018-06-19,1.815981564879866
2018-06-20,1.8311770782125727
2018-06-21,1.8171219161755148
2018-06-22,1.8058073865244366
2018-06-25,1.7746787087233005
2018-06-26,1.7815127151301242
2018-06-27,1.768525488377345
2018-06-28,1.7753832799683311
2018-06-29,1.7706839403958372
2018-07-02,1.7710764323647499
2018-07-03,1.7498011658299009
2018-07-05,1.7512320857742587
2018-07-06,1.7566409600689383
2018-07-09,1.7619594494237978
2018-07-10,1.7728202119627474
2018-07-11,1.7723979896144157
2018-07-12,1.7895953521429118
2018-07-13,1.7984259809791845
2018-07-16,1.7958506941378907
2018-07-17,1.8083081992697647
2018-07-18,1.8051290264293791
2018-07-19,1.8028476207844453
2018-07-20,1.808482269192699
2018-07-23,1.8107842263472185
2018-07-24,1.8247514322475051
2018-07-25,1.8450950991440398
2018-07-26,1.805902608727912
2018-07-27,1.79123292636185
2018-07-30,1.7731644036172207
2018-07-31,1.7756100704230167
2018-08-01,1.7869492521271821
2018-08-02,1.8070287491980959
2018-08-03,1.8104603715499963
2018-08-06,1.8143248814116588
2018-08-07,1.8360590314358884
2018-08-08,1.8363870306679426
2018-08-09,1.824465056330722
2018-08-10,1.8170283463508932
2018-08-13,1.8173340509893157
2018-08-14,1.8218232507477552
2018-08-15,1.8059120513598974
2018-08-16,1.8060699715762607
2018-08-17,1.7846279805660237
2018-08-20,1.7826910418353645
2018-08-21,1.7876462863769218
2018-08-22,1.7967772098694923
2018-08-23,1.7990793154557503
2018-08-24,1.8062376512049212
2018-08-27,1.8109555428480828
2018-08-28,1.8062464616337863
2018-08-29,1.8190656410892947
2018-08-30,1.820386105052544
2018-08-31,1.8241337637562693
2018-09-04,1.829649600179732
2018-09-05,1.818151783939597
2018-09-06,1.804304684276815
2018-09-07,1.8037798963169827
2018-09-10,1.8092084714006857
2018-09-11,1.8144033308578371
2018-09-12,1.8075594770424426
2018-09-13,1.8212575362641645
2018-09-14,1.817147696066363
2018-09-17,1.8005072949040968
2018-09-18,1.808471307007133
2018-09-19,1.8062794569713008
2018-09-20,1.813269349592066
2018-09-21,1.8100879459049948
2018-09-24,1.8109007551240557
2018-09-25,1.813355375133712
2018-09-26,1.8094920057211688
2018-09-27,1.8171941087784917
2018-09-28,1.7919507416995333
2018-10-01,1.7999196413727345
2018-10-02,1.7919111467295066
2018-10-03,1.7887832987035575
2018-10-04,1.7632672958397713
2018-10-05,1.7378304495076404
2018-10-08,1.7334086630606684
2018-10-09,1.7404064449934211
2018-10-10,1.7133849902589056
2018-10-11,1.711048215310796
2018-10-12,1.711048215310796
2018-10-15,1.711048215310796
2018-10-16,1.7108771104892648
2018-10-17,1.7101377792846146
2018-10-18,1.7059695320663881
2018-10-19,1.7057989351131815
2018-10-22,1.7066706209117415
2018-10-23,1.7064999538496504
2018-10-24,1.700305094543891
2018-10-25,1.6999694558155738
2018-10-26,1.7048442948978115
2018-10-29,1.7067089144848513
2018-10-30,1.7055163332806818
2018-10-31,1.7072686024624788
2018-11-01,1.7094695365834554
2018-11-02,1.709834984394465
2018-11-05,1.7155015922346422
2018-11-06,1.7182141578235475
2018-11-07,1.7241851873842646
2018-11-08,1.7231383505515536
2018-11-09,1.7123918412832524
2018-11-12,1.6887288489072536
2018-11-13,1.6925270897714946
2018-11-14,1.6938523574896869
2018-11-15,1.6936403790810306
2018-11-16,1.700277293466651
2018-11-19,1.687143922058523
2018-11-20,1.6716840103788713
2018-11-21,1.6658381100053212
2018-11-23,1.659634093827573
2018-11-26,1.6742943815445752
2018-11-27,1.6767098118545198
2018-11-28,1.7094168591654237
2018-11-29,1.7052698105128012
2018-11-30,1.721722904269176
2018-12-03,1.7367301785226406
2018-12-04,1.6998342240929438
2018-12-06,1.7043732322593041
2018-12-07,1.6811559251154098
2018-12-10,1.6850649685324421
2018-12-11,1.6872346897108148
2018-12-12,1.6916330152921313
2018-12-13,1.7011057298108885
2018-12-14,1.6701059712352269
2018-12-17,1.6564715025554353
2018-12-18,1.6551136109704376
2018-12-19,1.6391115156620049
2018-12-20,1.6359196666411362
2018-12-21,1.6274360692440857
2018-12-24,1.6200534412551582
2018-12-26,1.629989935000077
2018-12-27,1.6316070776250562
2018-12-28,1.632262233811642
2018-12-31,1.6327063248948663
2019-01-02,1.6322119630730416
2019-01-03,1.6175300386640064
2019-01-04,1.6170447796524072
2019-01-07,1.6198093966918476
2019-01-08,1.6180233612491763
2019-01-09,1.6266740066710894
2019-01-10,1.6280423924852585
2019-01-11,1.6239182676700206
2019-01-14,1.6235934840164865
2019-01-15,1.6263043957534968
2019-01-16,1.6211368800278974
2019-01-17,1.631749172742992
2019-01-18,1.626873621920401
2019-01-22,1.5994326713561577
2019-01-23,1.5986026223046341
2019-01-24,1.6094406302295061
2019-01-25,1.6277411272677584
2019-01-28,1.59266926874112
2019-01-29,1.5696705835310365
2019-01-30,1.5962914236728643
2019-01-31,1.6314695885058448
2019-02-01,1.6142413513245888
2019-02-04,1.6412765650482246
2019-02-05,1.6519261723898293
2019-02-06,1.6507055358169542
2019-02-07,1.6279898014358434
2019-02-08,1.632943924732388
2019-02-11,1.6286723005507406
2019-02-12,1.6385006183429818
2019-02-13,1.6410784241082095
2019-02-14,1.6422554974610173
2019-02-15,1.6511732777638186
2019-02-19,1.6524564498851
2019-02-20,1.6503616399483463
2019-02-21,1.6363789221223213
2019-02-22,1.648959123058482
2019-02-25,1.6564080501308447
2019-02-26,1.6553353036037597
2019-02-27,1.6591667504435732
2019-02-28,1.66246777269402
2019-03-01,1.657774594619513
2019-03-04,1.659444376968987
2019-03-05,1.6659503085144016
2019-03-06,1.6556611484495172
2019-03-07,1.6321508833397895
2019-03-08,1.638631759935244
2019-03-11,1.674046013588514
2019-03-12,1.6835436281201308
2019-03-13,1.6978534548163637
2019-03-14,1.688876572674318
2019-03-15,1.6953899720108634
2019-03-18,1.702196109022483
2019-03-19,1.7163805567508759
2019-03-20,1.7201378348230831
2019-03-21,1.7506899441767518
2019-03-22,1.7291431107681443
2019-03-25,1.7253079015243042
2019-03-26,1.734314498630462
2019-03-27,1.7279252906479066
2019-03-28,1.7317511320269796
2019-03-29,1.7418425649337013
2019-04-01,1.759361065579302
2019-04-02,1.7628386277388794
2019-04-03,1.7769733980056597
2019-04-04,1.7648473976080452
2019-04-05,1.77227477575996
2019-04-08,1.776994013811434
2019-04-09,1.7721630491076605
2019-04-10,1.7817609553957845
2019-04-11,1.777195012555897
2019-04-12,1.7857626360333443
2019-04-15,1.7874889046298827
2019-04-16,1.790741234874522
2019-04-17,1.8025699787813685
2019-04-18,1.8032429525115086
2019-04-22,1.8092445962552217
2019-04-23,1.8274014412988036
2019-04-24,1.8191286616116322
2019-04-25,1.8266914401490415
2019-04-26,1.8195011030498829
2019-04-29,1.8284278955880844
2019-04-30,1.8159775494405888
2019-05-01,1.815388544570872
2019-05-02,1.8098381946645603
2019-05-03,1.8271529645759275
2019-05-06,1.8172307068965088
2019-05-07,1.7976589206002527
2019-05-08,1.7947556867143404
2019-05-09,1.790337909302334
2019-05-10,1.791382536142568
2019-05-13,1.7681424002368273
2019-05-14,1.7700944283190312
2019-05-15,1.7805312986332527
2019-05-16,1.7898850241783966
2019-05-17,1.7844424632805944
2019-05-20,1.7779284024471222
2019-05-21,1.7803796546600363
2019-05-22,1.7830496494858246
2019-05-23,1.7754930663668957
2019-05-24,1.773972356369137
2019-05-28,1.7707005434270209
2019-05-29,1.7672324694856183
2019-05-30,1.7676624245971828
2019-05-31,1.765212886300417
2019-06-03,1.7665643849739832
2019-06-04,1.7665110041128564
2019-06-05,1.771199792440265
2019-06-06,1.7782432460396222
2019-06-07,1.786443735220679
2019-06-10,1.7888219676891803
2019-06-11,1.7874485198609043
2019-06-12,1.7852534776692524
2019-06-13,1.7890595082304437
2019-06-14,1.787956465003449
2019-06-17,1.7896236669608825
2019-06-18,1.7975757657907823
2019-06-19,1.8003093238039556
2019-06-20,1.805995261080746
2019-06-21,1.8027230024841894
2019-06-24,1.81184899910287
2019-06-25,1.7894583464181861
2019-06-26,1.8034240537070245
2019-06-27,1.8161546210640531
2019-06-28,1.8178908436547103
2019-07-01,1.8397097359354353
2019-07-02,1.839743697469207
2019-07-03,1.853969855585067
2019-07-05,1.8467892674646316
2019-07-08,1.8298209432598005
2019-07-09,1.838572425746493
2019-07-10,1.86202006974576
2019-07-11,1.8694543216852402
2019-07-12,1.8829383104623412
2019-07-15,1.8956409223346864
2019-07-16,1.8876139327509525
2019-07-17,1.8854005410848327
2019-07-18,1.8892416113165513
2019-07-19,1.8769492451793797
2019-07-22,1.8925643795882403
2019-07-23,1.9085997430564758
2019-07-24,1.9209042046537617
2019-07-25,1.8770549391426046
2019-07-26,1.8960556213064104
2019-07-29,1.895940981874182
2019-07-30,1.89380819896051
2019-07-31,1.877181434102678
2019-08-01,1.8605881828692443
2019-08-02,1.8419188100679105
2019-08-05,1.8133481378004999
2019-08-06,1.81573116391542
2019-08-07,1.818217873019765
2019-08-08,1.8226857672599786
2019-08-09,1.8166580133991432
2019-08-12,1.814457665877201
2019-08-13,1.8175290277430318
2019-08-14,1.8015311379438828
2019-08-15,1.801238113161704
2019-08-16,1.8024013312207021
2019-08-19,1.809934578396684
2019-08-20,1.8050125518645337
2019-08-21,1.8085793152314267
2019-08-22,1.808673527257512
2019-08-23,1.7867539956945373
2019-08-26,1.786575320294968
2019-08-27,1.7877593215024277
2019-08-28,1.7896199435561941
2019-08-29,1.7918445031672046
2019-08-30,1.791485464161176
2019-09-03,1.7762664527216485
2019-09-04,1.8044233137967558
2019-09-05,1.837800674027033
2019-09-06,1.8369886468011565
2019-09-09,1.8332930625021069
2019-09-10,1.8317408694884112
2019-09-11,1.8510964068580906
2019-09-12,1.8529497156600305
2019-09-13,1.8400995310149426
2019-09-16,1.825666050136559
2019-09-17,1.8359142952504077
2019-09-18,1.8350110720411479
2019-09-19,1.8381615008919645
2019-09-20,1.818404688890493
2019-09-23,1.8206947761323382
2019-09-24,1.7871692311045437
2019-09-25,1.8038622756569955
2019-09-26,1.8083332359630317
2019-09-27,1.7943881799031371
2019-09-30,1.8011922712170714
2019-10-01,1.7998771065880954
2019-10-02,1.7775118856087893
2019-10-03,1.779955134359981
2019-10-04,1.7872252381240799
2019-10-07,1.791568266550619
2019-10-08,1.779855043470486
2019-10-09,1.7855199757353768
2019-10-10,1.7892334795326246
2019-10-11,1.7943332455007268
2019-10-14,1.8006982549830026
2019-10-15,1.8115549663479913
2019-10-16,1.8086052125729626
2019-10-17,1.8155497147114539
2019-10-18,1.8013063064001165
2019-10-21,1.8074060046784228
2019-10-22,1.7973086451314686
2019-10-23,1.7991892135808185
2019-10-24,1.8344919403033784
2019-10-25,1.8478765335432048
2019-10-28,1.8651557582003913
2019-10-29,1.839267747133162
2019-10-30,1.8453028399363427
2019-10-31,1.84930549058172
2019-11-01,1.8624616210342055
2019-11-04,1.8838098409767812
2019-11-05,1.8891308230851227
2019-11-06,1.8900792629890895
2019-11-07,1.9001997737742096
2019-11-08,1.9032318897086138
2019-11-11,1.9039668364576234
2019-11-12,1.915904688498362
2019-11-13,1.9111249776292176
2019-11-14,1.91375800763567
2019-11-15,1.9222900798053058
2019-11-18,1.9298778035546096
2019-11-19,1.9341842780932452
2019-11-20,1.9225588482581681
2019-11-21,1.9242026329671793
2019-11-22,1.91209984662401
2019-11-25,1.9341900877930913
2019-11-26,1.9252469595097625
2019-11-27,1.936960074718455
2019-11-29,1.9278307986193732
2019-12-02,1.9082320372828814
2019-12-03,1.899605547876078
2019-12-04,1.9079971202451618
2019-12-05,1.9109607644429094
2019-12-06,1.9279533015734334
2019-12-09,1.92634474002918
2019-12-10,1.9328059099521104
2019-12-11,1.9459263438777972
2019-12-12,1.9584238602861852
2019-12-13,1.9528555105924121
2019-12-16,1.9813491276536448
2019-12-17,1.9832791924455366
2019-12-18,1.9957411525931608
2019-12-19,2.0119740813163087
2019-12-20,2.01668271128979
2019-12-23,2.0258640816246896
2019-12-24,2.02675599905384
2019-12-26,2.0481146238841013
2019-12-27,2.045739733572726
2019-12-30,2.02234932557781
2019-12-31,2.0306638639758607
2020-01-02,2.0660927696520877
2020-01-03,2.053894116362824
2020-01-06,2.072970369180339
2020-01-07,2.080219123086404
2020-01-08,2.0992618226590345
2020-01-09,2.1142347162250603
2020-01-10,2.1103790067509225
2020-01-13,2.152587193591029
2020-01-14,2.146555673732636
2020-01-15,2.1408315060848953
2020-01-16,2.154560821012101
2020-01-17,2.1641246964952154
2020-01-21,2.1861725447674782
2020-01-22,2.197731321115209
2020-01-23,2.2027063657650894
2020-01-24,2.1878944320913645
2020-01-27,2.1415662249232783
2020-01-28,2.1690812439820584
2020-01-29,2.1834511864060335
2020-01-30,2.1720116825167186
2020-01-31,2.153177334183298
2020-02-03,2.205506349250529
2020-02-04,2.2287551150487377
2020-02-05,2.1985217284755185
2020-02-06,2.2174502119868755
2020-02-07,2.2164405531841385
2020-02-10,2.2500540378958194
2020-02-11,2.2529736764864627
2020-02-12,2.2691586794644723
2020-02-13,2.276171853748949
2020-02-14,2.288633790746906
2020-02-18,2.301039206114738
2020-02-19,2.341335409378388
2020-02-20,2.322758265842957
2020-02-21,2.2873761234571086
2020-02-24,2.223639383806829
2020-02-25,2.1908807849171907
2020-02-26,2.1939408557722135
2020-02-27,2.127155802605832
2020-02-28,2.1415925544926186
2020-03-02,2.178221474610887
2020-03-03,2.155079707324885
2020-03-04,2.1829924398745533
2020-03-05,2.1709941233968544
2020-03-06,2.1621958384877646
2020-03-09,2.138520721652917
2020-03-10,2.138520721652917
2020-03-11,2.138520721652917
2020-03-12,2.138520721652917
2020-03-13,2.138520721652917
2020-03-16,2.138520721652917
2020-03-17,2.138520721652917
2020-03-18,2.138520721652917
2020-03-19,2.138520721652917
2020-03-20,2.138520721652917
2020-03-23,2.138520721652917
2020-03-24,2.138520721652917
2020-03-25,2.138520721652917
2020-03-26,2.1380930175085866
2020-03-27,2.1278605573606066
2020-03-30,2.139879668279848
2020-03-31,2.1383291921561915
2020-04-01,2.133506876795952
2020-04-02,2.133506876795952
2020-04-03,2.1332935261082726
2020-04-06,2.1424089239673947
2020-04-07,2.131815264281135
2020-04-08,2.1362155309887365
2020-04-09,2.125395425443693
2020-04-13,2.177271581146067
2020-04-14,2.2529155387916533
2020-04-15,2.2282154304726487
2020-04-16,2.2611115017986703
2020-04-17,2.2727105000754366
2020-04-20,2.238834028356827
2020-04-21,2.1439834923864716
2020-04-22,2.2298700622207166
2020-04-23,2.217957413647733
2020-04-24,2.2625229134885476
2020-04-27,2.285550299066715
2020-04-28,2.2421244667060445
2020-04-29,2.319874001689658
2020-04-30,2.3320190097054265
2020-05-01,2.25017944005715
2020-05-04,2.2975576464307497
2020-05-05,2.3204569412069826
2020-05-06,2.335535133754704
2020-05-07,2.353881411977784
2020-05-08,2.3881191411621403
2020-05-11,2.4108850453216917
2020-05-12,2.3748820483447544
2020-05-13,2.348452791597447
2020-05-14,2.3705125295839062
2020-05-15,2.3864403451461063
2020-05-18,2.411830303874234
2020-05-19,2.404835389978885
2020-05-20,2.449790432887175
2020-05-21,2.4359810277431366
2020-05-22,2.4469556318450256
2020-05-26,2.4367705407472506
2020-05-27,2.433195223662141
2020-05-28,2.421246951195455
2020-05-29,2.455565245050972
2020-06-01,2.4803751598184287
2020-06-02,2.4921878729184965
2020-06-03,2.499654573189564
2020-06-04,2.4755544871221566
2020-06-05,2.521620001869471
2020-06-08,2.541721745692691
2020-06-09,2.5689748182498047
2020-06-10,2.6141475390621833
2020-06-11,2.5043787990006425
2020-06-12,2.513601825832767
2020-06-15,2.5517022476371443
2020-06-16,2.5773980014603115
2020-06-17,2.5907097060017557
2020-06-18,2.6010635527459716
2020-06-19,2.5885362916773897
2020-06-22,2.625662329115317
2020-06-23,2.64022436055544
2020-06-24,2.5884409076002624
2020-06-25,2.6156410367282388
2020-06-26,2.5373626018075064
2020-06-29,2.561079905994563
2020-06-30,2.607730638982516
2020-07-01,2.618014327127683
2020-07-02,2.647923968769313
2020-07-06,2.734218232138993
2020-07-07,2.724576722401707
2020-07-08,2.755779432992133
2020-07-09,2.791729379469436
2020-07-10,2.8251279797604965
2020-07-13,2.7653828050417895
2020-07-14,2.7938393070233687
2020-07-15,2.7837645319328326
2020-07-16,2.761567065153839
2020-07-17,2.7608726657884155
2020-07-20,2.845398309363488
2020-07-21,2.8102613838025956
2020-07-22,2.821394463013743
2020-07-23,2.7515197634369124
2020-07-24,2.727904514832786
2020-07-27,2.7797435158911807
2020-07-28,2.7364627578970153
2020-07-29,2.765673316094068
2020-07-30,2.7745507271240064
2020-07-31,2.793613140155063
2020-08-03,2.8115123409904035
2020-08-04,2.8319489099734914
2020-08-05,2.8374181200788553
2020-08-06,2.87578028892868
2020-08-07,2.847991741636729
2020-08-10,2.8438193662138147
2020-08-11,2.795286806946642
2020-08-12,2.8346999512537754
2020-08-13,2.8484824346605193
2020-08-14,2.8509500488701867
2020-08-17,2.9115827032942843
2020-08-18,2.92040902160365
2020-08-19,2.9083254973062407
2020-08-20,2.9436707072361066
2020-08-21,2.97748986699285
2020-08-24,2.991862330103189
2020-08-25,3.015312874071054
2020-08-26,3.088032320791945
2020-08-27,3.08438500237129
2020-08-28,3.109333508294013
2020-08-31,3.1632819328575583
2020-09-01,3.2128489446208364
2020-09-02,3.265083809166772
2020-09-03,3.078319700522658
2020-09-04,3.0465154853276566
2020-09-08,2.8658264378680585
2020-09-09,2.9129862822413806
2020-09-10,2.858024780142505
2020-09-11,2.8440134591685426
2020-09-14,2.9001580702082728
2020-09-15,2.93780320066987
2020-09-16,2.9034208039056484
2020-09-17,2.875041528309972
2020-09-18,2.8765623408844463
2020-09-21,2.8849409411051425
2020-09-22,2.876537284921906
2020-09-23,2.8384104637837857
2020-09-24,2.8388774218376005
2020-09-25,2.8381403300969965
2020-09-28,2.849479679696791
2020-09-29,2.849175074218061
2020-09-30,2.8512512411518585
2020-10-01,2.860765155333756
2020-10-02,2.838797141792774
2020-10-05,2.8688796405367705
2020-10-06,2.8602651104611456
2020-10-07,2.8909211650674496
2020-10-08,2.8944362560513635
2020-10-09,2.9265957366788373
2020-10-12,2.9993576233506447
2020-10-13,3.0030428965418765
2020-10-14,2.9797664280161396
2020-10-15,2.953011812359744
2020-10-16,2.938308809333744
2020-10-19,2.8878004570022697
2020-10-20,2.9101408431377664
2020-10-21,2.917271521229929
2020-10-22,2.915079220055813
2020-10-23,2.929409965185356
2020-10-26,2.8804041161324383
2020-10-27,2.9139144957278758
2020-10-28,2.7954645850151634
2020-10-29,2.8221785691534396
2020-10-30,2.809507578553621
2020-11-02,2.8141038101533753
2020-11-03,2.8225214336335616
2020-11-04,2.879189268469867
2020-11-05,2.9117904666185037
2020-11-06,2.9124799147805063
2020-11-09,2.830866663113536
2020-11-10,2.8203365920662407
2020-11-11,2.8213160023765362
2020-11-12,2.819057477490331
2020-11-13,2.8271590802234625
2020-11-16,2.832879249123086
2020-11-17,2.8187502672546474
2020-11-18,2.834164149711824
2020-11-19,2.8492358302858576
2020-11-20,2.826907847337886
2020-11-23,2.8374690579360706
2020-11-24,2.8741538734898064
2020-11-25,2.874641749286232
2020-11-27,2.8951019672689298
2020-11-30,2.894511499202019
2020-12-01,2.9465925412356526
2020-12-02,2.9393989098544573
2020-12-03,2.9297008060510996
2020-12-04,2.941926063586086
2020-12-07,2.971043703135646
2020-12-08,2.9765775385436255
2020-12-09,2.923546841408929
2020-12-10,2.9259365936887667
2020-12-11,2.912234182468219
2020-12-14,2.9267354834785575
2020-12-15,2.943577272631483
2020-12-16,2.947843509336878
2020-12-17,2.966550738537731
2020-12-18,2.9879845498936355
2020-12-21,2.9860618178750227
2020-12-22,2.9843863439860643
2020-12-23,2.968561533068683
2020-12-24,2.9838334971356244
2020-12-28,3.002129001016435
2020-12-29,3.0003365232090515
2020-12-30,3.004030706416097
2020-12-31,3.0088892493999264
2021-01-04,2.9810756427053304
2021-01-05,2.985492994226848
2021-01-06,2.961463581629029
2021-01-07,3.0069850389191433
2021-01-08,3.0117354843687765
2021-01-11,2.972417126537365
2021-01-12,2.982587682842754
2021-01-13,2.9976831377186044
2021-01-14,2.9739370740252276
2021-01-15,2.9588338417202458
2021-01-19,2.97373428289228
2021-01-20,2.9902561496322235
2021-01-21,3.018907311120199
2021-01-22,3.022627781850592
2021-01-25,3.05017415710333
2021-01-26,3.0590300762220974
2021-01-27,2.9847080141152635
2021-01-28,2.985496114650175
2021-01-29,2.9436610622962776
2021-02-01,2.990901432001592
2021-02-02,3.0255268593975733
2021-02-03,3.029299249477966
2021-02-04,3.0413527491816574
2021-02-05,3.0455122389960603
2021-02-08,3.0699668791659342
2021-02-09,3.0635005342742456
2021-02-10,3.0549901949960505
2021-02-11,3.0683883072227403
2021-02-12,3.071335155402161
2021-02-16,3.0795378384478482
2021-02-17,3.066874843437171
2021-02-18,3.0563255103746094
2021-02-19,3.039881893418377
2021-02-22,3.0066428040773565
2021-02-23,2.9986189094698283
2021-02-24,3.016988388585372
2021-02-25,2.9600353263303067
2021-02-26,2.9781929736316317
2021-03-01,2.999886936966977
2021-03-02,2.9729604507392042
2021-03-03,2.9405882574101505
2021-03-04,2.9435865446795297
2021-03-05,2.9432921860250616
2021-03-08,2.93042647149009
2021-03-09,2.93042647149009
2021-03-10,2.93042647149009
2021-03-11,2.929840386195792
2021-03-12,2.9163427767646115
2021-03-15,2.9157595082092587
2021-03-16,2.923797495051081
2021-03-17,2.9276060680840303
2021-03-18,2.907307492474909
2021-03-19,2.9190062242719317
2021-03-22,2.929035510717835
2021-03-23,2.9244261666620894
2021-03-24,2.911910612472035
2021-03-25,2.9053895985509306
2021-03-26,2.9378753478818846
2021-03-29,2.948655514573184
2021-03-30,2.935875359047958
2021-03-31,2.9405235047147134
2021-04-01,2.9878316257259567
2021-04-05,3.0659613539246005
2021-04-06,3.056074902634425
2021-04-07,3.0731156015146976
2021-04-08,3.0920936346018237
2021-04-09,3.11052772116399
2021-04-12,3.1212690321275574
2021-04-13,3.171212201714941
2021-04-14,3.117355463458081
2021-04-15,3.1705360434820498
2021-04-16,3.1761779759513735
2021-04-19,3.1367274889368733
2021-04-20,3.1295569864898347
2021-04-21,3.1540962356226405
2021-04-22,3.1073866923756945
2021-04-23,3.14590795366685
2021-04-26,3.15948988412643
2021-04-27,3.1417768896537535
2021-04-28,3.140164463092737
2021-04-29,3.167341337375711
2021-04-30,3.157011076038571
2021-05-03,3.1428443733004214
2021-05-04,3.092862931398819
2021-05-05,3.086980129231713
2021-05-06,3.11168841576226
2021-05-07,3.1184808408235587
2021-05-10,3.0857399633642864
2021-05-11,3.0778998089022775
2021-05-12,3.0602589432101466
2021-05-13,3.0708262401462125
2021-05-14,3.074937452756297
2021-05-17,3.073221280051306
2021-05-18,3.065247749810607
2021-05-19,3.0663151868163507
2021-05-20,3.0737765265782455
2021-05-21,3.0669016051328244
2021-05-24,3.0781977989889366
2021-05-25,3.0846236996288585
2021-05-26,3.087691724529001
2021-05-27,3.0883227919256417
2021-05-28,3.098096342748172
2021-06-01,3.098424471956451
2021-06-02,3.1110569576815554
2021-06-03,3.1042638476980167
2021-06-04,3.1353912283872334
2021-06-07,3.133278773236133
2021-06-08,3.1222553561515847
2021-06-09,3.1205474177618666
2021-06-10,3.144446739805408
2021-06-11,3.153986184267806
2021-06-14,3.1894017986877197
2021-06-15,3.1657794623949824
2021-06-16,3.1586004588945342
2021-06-17,3.20901912422188
2021-06-18,3.180304222345233
2021-06-21,3.190497399185399
2021-06-22,3.2245545533018913
2021-06-23,3.2378526446334153
2021-06-24,3.2537024493414166
2021-06-25,3.2339199653638397
2021-06-28,3.2871711458747486
2021-06-29,3.2920158588735124
2021-06-30,3.2868206439107843
2021-07-01,3.2917354532910035
2021-07-02,3.329700274688523
2021-07-06,3.344968928267305
2021-07-07,3.345053522081049
2021-07-08,3.3331424152269697
2021-07-09,3.3577746843285747
2021-07-12,3.384808324534097
2021-07-13,3.381261658795207
2021-07-14,3.3794582698168054
2021-07-15,3.3489741746042228
2021-07-16,3.311025174254346
2021-07-19,3.2871584526102797
2021-07-20,3.317613132475621
2021-07-21,3.344231334297522
2021-07-22,3.3649023685296147
2021-07-23,3.4179274178810766
2021-07-26,3.4216523464989366
2021-07-27,3.393113370775185
2021-07-28,3.4016235024593264
2021-07-29,3.3946358472928035
2021-07-30,3.367116326848785
2021-08-02,3.370629357426336
2021-08-03,3.386639569589524
2021-08-04,3.3789584100234675
2021-08-05,3.3976253687287077
2021-08-06,3.3790704465778676
2021-08-09,3.3841930212399687
2021-08-10,3.3804831289727164
2021-08-11,3.37988377288692
2021-08-12,3.395292074483896
2021-08-13,3.4064562748335785
2021-08-16,3.4075269573556577
2021-08-17,3.366197337647078
2021-08-18,3.338766132112069
2021-08-19,3.3505248450571528
2021-08-20,3.392736259821004
2021-08-23,3.425694743307644
2021-08-24,3.416993558976552
2021-08-25,3.4239369681434817
2021-08-26,3.411174273272605
2021-08-27,3.449867893669977
2021-08-30,3.4973934916591696
2021-08-31,3.492767476078401
2021-09-01,3.4965041367232756
2021-09-02,3.487154976592761
2021-09-03,3.505259613321257
2021-09-07,3.5173075502173696
2021-09-08,3.512907336957289
2021-09-09,3.4977136137940343
2021-09-10,3.4752056235633733
2021-09-13,3.4737180406242705
2021-09-14,3.4746212597360095
2021-09-15,3.499281122017449
2021-09-16,3.4968086142941615
2021-09-17,3.4550912144417456
2021-09-20,3.3836485080310226
2021-09-21,3.3887574986125113
2021-09-22,3.4041532403742853
2021-09-23,3.4197987902026483
2021-09-24,3.4347690165178473
2021-09-27,3.415067867624461
2021-09-28,3.379928957583716
2021-09-29,3.381559022547613
2021-09-30,3.3790357676313385
2021-10-01,3.3789224723495828
2021-10-04,3.3816727873154373
2021-10-05,3.3812660227692435
2021-10-06,3.3822016672575854
2021-10-07,3.386217781589648
2021-10-08,3.3809013869168436
2021-10-11,3.3841326602921455
2021-10-12,3.391515689554889
2021-10-13,3.396062704100913
2021-10-14,3.401824090416057
2021-10-15,3.4097743252773065
2021-10-18,3.4134510827776454
2021-10-19,3.4321350403244963
2021-10-20,3.42758559157304
2021-10-21,3.4585290586610102
2021-10-22,3.4462833946462346
2021-10-25,3.503963593316448
2021-10-26,3.5373222088257084
2021-10-27,3.5675614041971935
2021-10-28,3.611092046608572
2021-10-29,3.6211347097530444
2021-11-01,3.6307710885969002
2021-11-02,3.6497474825386713
2021-11-03,3.6918326439602587
2021-11-04,3.770233565546485
2021-11-05,3.789478909946493
2021-11-08,3.7629121754423904
2021-11-09,3.72666414716567
2021-11-10,3.6822885184041394
2021-11-11,3.6987756068145807
2021-11-12,3.719733468762386
2021-11-15,3.7225125038437556
2021-11-16,3.7450535783993586
2021-11-17,3.7509244344840518
2021-11-18,3.8232852379590585
2021-11-19,3.85716363745293
2021-11-22,3.8213555277407676
2021-11-23,3.8045813845624554
2021-11-24,3.826558098693389
2021-11-26,3.745423422340639
2021-11-29,3.8318723525359495
2021-11-30,3.791483351078472
2021-12-01,3.762133171491367
2021-12-02,3.762761017225506
2021-12-03,3.7419161333132482
2021-12-06,3.753469841663516
2021-12-07,3.818933174622287
2021-12-08,3.810862534280393
2021-12-09,3.7606343053521987
2021-12-10,3.8351955242240696
2021-12-13,3.8308311486208586
2021-12-14,3.8016166026731035
2021-12-15,3.8464319264256717
2021-12-16,3.7850690119599437
2021-12-17,3.7801237855138914
2021-12-20,3.786219966350617
2021-12-21,3.793305606761719
2021-12-22,3.8093034275730417
2021-12-23,3.817636846208228
2021-12-27,3.8461660140584675
2021-12-28,3.836948557220483
2021-12-29,3.8397648105160322
2021-12-30,3.827110332737246
2021-12-31,3.8150089131105274
2022-01-03,3.821388589321763
2022-01-04,3.7865831557930485
2022-01-05,3.685620363867965
2022-01-06,3.6768055399285586
2022-01-07,3.656733724584422
2022-01-10,3.652155151262419
2022-01-11,3.6537898035220233
2022-01-12,3.667351920389125
2022-01-13,3.6208512323581843
2022-01-14,3.6298598522862675
2022-01-18,3.612561200292528
2022-01-19,3.6029365062609418
2022-01-20,3.600549277338948
2022-01-21,3.5818421296896714
2022-01-24,3.580012332683108
2022-01-25,3.575544082239421
2022-01-26,3.575544082239421
2022-01-27,3.575544082239421
2022-01-28,3.575544082239421
2022-01-31,3.575544082239421
2022-02-01,3.575544082239421
2022-02-02,3.574828973422973
2022-02-03,3.5627655466294046
2022-02-04,3.5567075100642103
2022-02-07,3.544688945660741
2022-02-08,3.544484190620269
2022-02-09,3.558223456333234
2022-02-10,3.534326294145465
2022-02-11,3.534326294145465
2022-02-14,3.5339728615160504
2022-02-15,3.5376938371925895
2022-02-16,3.535677792645771
2022-02-17,3.471040944549752
2022-02-18,3.449261037591481
2022-02-22,3.4268718914202028
2022-02-23,3.3787140842959853
2022-02-24,3.4495339549951205
2022-02-25,3.48297435937176
2022-02-28,3.48801960305944
2022-03-01,3.455325720145468
2022-03-02,3.460757344838138
2022-03-03,3.45426659300335
2022-03-04,3.4486831907709776
2022-03-07,3.415952801942578
2022-03-08,3.412617799849268
2022-03-09,3.4154151239697894
2022-03-10,3.4186968394224992
2022-03-11,3.4152956412964377
2022-03-14,3.4143437780056884
2022-03-15,3.424629318958323
2022-03-16,3.4336014343349266
2022-03-17,3.4370244400752132
2022-03-18,3.4446985928229203
2022-03-21,3.438976386060309
2022-03-22,3.502048429371033
2022-03-23,3.4672039463900797
2022-03-24,3.5561372317983064
2022-03-25,3.5575431189936104
2022-03-28,3.621948059396445
2022-03-29,3.666505672705717
2022-03-30,3.6345938566989844
2022-03-31,3.5851706445134
2022-04-01,3.592059227187089
2022-04-04,3.671370412477939
2022-04-05,3.592937756610989
2022-04-06,3.506836366459515
2022-04-07,3.520801315062579
2022-04-08,3.4610231252340666
2022-04-11,3.3792236975304384
2022-04-12,3.3660437688537908
2022-04-13,3.4006232177735716
2022-04-14,3.3590985116757466
2022-04-18,3.358239396737709
2022-04-19,3.3825359735032388
2022-04-20,3.3484067420493675
2022-04-21,3.3403284844631758
2022-04-22,3.32230774320686
2022-04-25,3.323348136831072
2022-04-26,3.313722661633677
2022-04-27,3.316686476012712
2022-04-28,3.321713158043587
2022-04-29,3.310877820115529
2022-05-02,3.302930391900985
2022-05-03,3.302930391900985
2022-05-04,3.3026000988617947
2022-05-05,3.295678359121043
2022-05-06,3.295678359121043
2022-05-09,3.295678359121043
2022-05-10,3.295348791285131
2022-05-11,3.286925238717361
2022-05-12,3.286925238717361
2022-05-13,3.2862678536696177
2022-05-16,3.2861380253165593
2022-05-17,3.2839178806789473
2022-05-18,3.2426204788612836
2022-05-19,3.2422962168133975
2022-05-20,3.2461099034012215
2022-05-23,3.250621602087889
2022-05-24,3.2258563856557045
2022-05-25,3.2303940844922296
2022-05-26,3.243777800758691
2022-05-27,3.2428046674184636
2022-05-31,3.230419330314109
2022-06-01,3.226471225716828
2022-06-02,3.226471225716828
2022-06-03,3.2261485785942563
2022-06-06,3.231937194817468
2022-06-07,3.229973714272592
2022-06-08,3.2135385300446746
2022-06-09,3.176714076272359
2022-06-10,3.1147595253980693
2022-06-13,3.0900973208341767
2022-06-14,3.0900973208341767
2022-06-15,3.0900973208341767
2022-06-16,3.0897883111020934
2022-06-17,3.0863206143824784
2022-06-21,3.0964312426758385
2022-06-22,3.092332805601228
2022-06-23,3.110399848201225
2022-06-24,3.174267607702124
2022-06-27,3.1478936395340105
2022-06-28,3.095716142054071
2022-06-29,3.0950969988256603
2022-06-30,3.101185804326954
2022-07-01,3.110148517083105
2022-07-05,3.109139714740785
2022-07-06,3.115044141870022
2022-07-07,3.1152549204661595
2022-07-08,3.1316022203532805
2022-07-11,3.0966050596077364
2022-07-12,3.0867365001120985
2022-07-13,3.084657393209911
2022-07-14,3.106157910902141
2022-07-15,3.1343284501121293
2022-07-18,3.108493603093822
2022-07-19,3.1939581882884247
2022-07-20,3.246178024778509
2022-07-21,3.3042401514128095
2022-07-22,3.2323926594140326
2022-07-25,3.2091952637477172
2022-07-26,3.170188109001242
2022-07-27,3.2326720635192427
2022-07-28,3.261855905867282
2022-07-29,3.3245328961434755
2022-08-01,3.327697414894446
2022-08-02,3.3158006424900743
2022-08-03,3.38792898083717
2022-08-04,3.4028174536549045
2022-08-05,3.3656424526064264
2022-08-08,3.334830961976576
2022-08-09,3.29656560419005
2022-08-10,3.4011106368977613
2022-08-11,3.366676675808629
2022-08-12,3.445953240663619
2022-08-15,3.477303349219955
2022-08-16,3.472362767906979
2022-08-17,3.4330484833433643
2022-08-18,3.4564076419305794
2022-08-19,3.393303881810314
2022-08-22,3.31045243103048
2022-08-23,3.3165389004601464
2022-08-24,3.324601356464541
2022-08-25,3.3657932766319196
2022-08-26,3.243419175672705
2022-08-29,3.2320784923734776
2022-08-30,3.2268083758970056
2022-08-31,3.2268083758970056
2022-09-01,3.2268083758970056
2022-09-02,3.2268083758970056
2022-09-06,3.2268083758970056
2022-09-07,3.226485695059416
2022-09-08,3.2324863640138717
2022-09-09,3.231839866741069
2022-09-12,3.238722408709609
2022-09-13,3.207458630158077
2022-09-14,3.207458630158077
2022-09-15,3.207458630158077
2022-09-16,3.2071378842950615
2022-09-19,3.213185298913168
2022-09-20,3.2128318284344073
2022-09-21,3.204579365113964
2022-09-22,3.1912509656039667
2022-09-23,3.1912509656039667
2022-09-26,3.1912509656039667
2022-09-27,3.1912509656039667
2022-09-28,3.1909318405074063
2022-09-29,3.168882340429789
2022-09-30,3.168882340429789
2022-10-03,3.168882340429789
2022-10-04,3.168882340429789
2022-10-05,3.168882340429789
2022-10-06,3.168882340429789
2022-10-07,3.168882340429789
2022-10-10,3.168882340429789
2022-10-11,3.168882340429789
2022-10-12,3.168565452195746
2022-10-13,3.178329869671265
2022-10-14,3.1702843663471567
2022-10-17,3.1750159031678793
2022-10-18,3.179298723271051
2022-10-19,3.175893421461589
2022-10-20,3.173178899160802
2022-10-21,3.174870717124126
2022-10-24,3.207925477627488
2022-10-25,3.2391994342443233
2022-10-26,3.138029995028901
2022-10-27,3.142617604235396
2022-10-28,3.2084575119902983
2022-10-31,3.175121952512596
2022-11-01,3.166408299412651
2022-11-02,3.131871412098132
2022-11-03,3.137649726002451
2022-11-04,3.156361586404275
2022-11-07,3.170237130123058
2022-11-08,3.184483632673636
2022-11-09,3.1352384963554636
2022-11-10,3.224350933439062
2022-11-11,3.23804793082787
2022-11-14,3.217974524412713
2022-11-15,3.2481410223020597
2022-11-16,3.2240671006228028
2022-11-17,3.2250573379328236
2022-11-18,3.225530782322773
2022-11-21,3.2237404003336807
2022-11-22,3.2520910987310447
2022-11-23,3.265046655138291
2022-11-25,3.245466072749807
2022-11-28,3.2008152834165906
2022-11-29,3.192853738490228
2022-11-30,3.312955913261222
2022-12-01,3.303280313909827
2022-12-02,3.2869714793756124
2022-12-05,3.241469878329689
2022-12-06,3.1633238388356526
2022-12-07,3.1500003791928046
2022-12-08,3.1881102809398465
2022-12-09,3.18153200371041
2022-12-12,3.205917777753558
2022-12-13,3.2443430350119526
2022-12-14,3.2402408222955317
2022-12-15,3.1873957800064097
2022-12-16,3.1826685606876484
2022-12-19,3.1583506975696287
2022-12-20,3.1585364520023163
2022-12-21,3.1838996228185796
2022-12-22,3.149523719585846
2022-12-23,3.1516219151419578
2022-12-27,3.148842889167316
2022-12-28,3.1382573453503406
2022-12-29,3.158376117659916
2022-12-30,3.15901779758123
2023-01-03,3.155509729071399
2023-01-04,3.166016787647696
2023-01-05,3.1619980114676296
2023-01-06,3.188387887217201
2023-01-09,3.177747018641068
2023-01-10,3.1849891496335907
2023-01-11,3.2050275319595913
2023-01-12,3.216953964253299
2023-01-13,3.2252658076069873
2023-01-17,3.2151461789317075
2023-01-18,3.193220898758174
2023-01-19,3.1776374741668967
2023-01-20,3.252151891277576
2023-01-23,3.314679099492308
2023-01-24,3.309528618093315
2023-01-25,3.2985588913964237
2023-01-26,3.398589702371114
2023-01-27,3.4759576507019387
2023-01-30,3.420252845996977
2023-01-31,3.478038640725554
2023-02-01,3.5664443551638128
2023-02-02,3.7633746756682687
2023-02-03,3.744349766555997
2023-02-06,3.7354086920487966
2023-02-07,3.8183902615996326
2023-02-08,3.748646030502593
2023-02-09,3.7052489366304338
2023-02-10,3.6524101039642396
2023-02-13,3.7067677033714808
2023-02-14,3.7491149562596995
2023-02-15,3.77546485677022
2023-02-16,3.6896597680502263
2023-02-17,3.6754752066303196
2023-02-21,3.6109882920360192
2023-02-22,3.6132239838153604
2023-02-23,3.6711804434719926
2023-02-24,3.633290395197503
2023-02-27,3.6589346596627883
2023-02-28,3.6551078253005587
2023-03-01,3.6232872844053254
2023-03-02,3.62514933222551
2023-03-03,3.6810960863864572
2023-03-06,3.6758052192874797
2023-03-07,3.6530767649896005
2023-03-08,3.674928978073173
2023-03-09,3.655164608673548
2023-03-10,3.6434272609354883
2023-03-13,3.6504299922736796
2023-03-14,3.703810467677754
2023-03-15,3.7089702829143136
2023-03-16,3.7636161697749957
2023-03-17,3.746760517843354
2023-03-20,3.756328436349024
2023-03-21,3.7995557810993854
2023-03-22,3.761261562378645
2023-03-23,3.8012631547168723
2023-03-24,3.808298946762506
2023-03-27,3.771119832973364
2023-03-28,3.7476283141115005
2023-03-29,3.7982630613306267
2023-03-30,3.827230458612914
2023-03-31,3.9034988097291703
2023-04-03,3.886067520029925
2023-04-04,3.8777341301447996
2023-04-05,3.82986621399263
2023-04-06,3.858157158663369
2023-04-10,3.8553901685328054
2023-04-11,3.8282995667462716
2023-04-12,3.7832420975725336
2023-04-13,3.8527651986893536
2023-04-14,3.8468300813991365
2023-04-17,3.8479038683630375
2023-04-18,3.8511437586711104
2023-04-19,3.850641326288825
2023-04-20,3.835276227558736
2023-04-21,3.8425451931806593
2023-04-24,3.8382923191000438
2023-04-25,3.7861180891575024
2023-04-26,3.788359489743287
2023-04-27,3.9068110618249317
2023-04-28,3.910796130182445
2023-05-01,3.909674261499349
2023-05-02,3.8851758369441156
2023-05-03,3.872047380509325
2023-05-04,3.859802994583507
2023-05-05,3.908995482992072
2023-05-08,3.911292861690934
2023-05-09,3.895086151078738
2023-05-10,3.9376785343823717
2023-05-11,3.9646306791831294
2023-05-12,3.9563092857533517
2023-05-15,3.972995939647551
2023-05-16,3.99215396729378
2023-05-17,4.034747302132759
2023-05-18,4.102486918498154
2023-05-19,4.099079110782279
2023-05-22,4.113504820278169
2023-05-23,4.078880904034516
2023-05-24,4.070087486285648
2023-05-25,4.228516125886691
2023-05-26,4.34877623697713
2023-05-30,4.384335243711703
2023-05-31,4.364141037093927
2023-06-01,4.421828086902338
2023-06-02,4.457124982363295
2023-06-05,4.457968432324161
2023-06-06,4.450910360329502
2023-06-07,4.375814571387535
2023-06-08,4.442474134861653
2023-06-09,4.462416276163701
2023-06-12,4.552511429837624
2023-06-13,4.588746338187724
2023-06-14,4.6386484920894615
2023-06-15,4.675870917725719
2023-06-16,4.648123664655624
2023-06-20,4.680455566722235
2023-06-21,4.635747155165707
2023-06-22,4.691129423292475
2023-06-23,4.647101647396674
2023-06-26,4.5456590566317
2023-06-27,4.636645251217482
2023-06-28,4.63641174895197
2023-06-29,4.632375109438165
2023-06-30,4.704835436962952
2023-07-03,4.737423748946824
2023-07-05,4.747409293908613
2023-07-06,4.718520832205389
2023-07-07,4.69347024345113
2023-07-10,4.687298033831245
2023-07-11,4.706292182358538
2023-07-12,4.7720568059247395
2023-07-13,4.845192696576853
2023-07-14,4.8559238949134675
2023-07-17,4.896218110329163
2023-07-18,4.906384238077408
2023-07-19,4.9064484803258965
2023-07-20,4.809522974677848
2023-07-21,4.777767082421065
2023-07-24,4.789819051833397
2023-07-25,4.819481396640125
2023-07-26,4.818228058648401
2023-07-27,4.803551365673264
2023-07-28,4.8596933116145395
2023-07-31,4.844279298029214
2023-08-01,4.82803125654569
2023-08-02,4.746478973047024
2023-08-03,4.7409549832550235
2023-08-04,4.763966141850074
2023-08-07,4.822259376350477
2023-08-08,4.784314221874636
2023-08-09,4.719744535731236
2023-08-10,4.722732136561396
2023-08-11,4.722983804574139
2023-08-14,4.735556680310723
2023-08-15,4.717701550379908
2023-08-16,4.7048502641725145
2023-08-17,4.698320730449497
2023-08-18,4.686759459405461
2023-08-21,4.69477320271987
2023-08-22,4.68241682856067
2023-08-23,4.6983126424841215
2023-08-24,4.676830242367639
2023-08-25,4.6699383736168345
2023-08-28,4.66858387729323
2023-08-29,4.687078093145726
2023-08-30,4.695871055372151
2023-08-31,4.707708609867838
2023-09-01,4.672437441319373
2023-09-05,4.6802683849974835
2023-09-06,4.635423176914352
2023-09-07,4.610691728751104
2023-09-08,4.60826936333893
2023-09-11,4.660663254278811
2023-09-12,4.600894717406189
2023-09-13,4.634790987858223
2023-09-14,4.675774630351057
2023-09-15,4.588830444221129
2023-09-18,4.588388902059719
2023-09-19,4.580931408075322
2023-09-20,4.5227173858592185
2023-09-21,4.457838413745049
2023-09-22,4.446397923617896
2023-09-25,4.455790334254896
2023-09-26,4.434250553394036
2023-09-27,4.433455011395461
2023-09-28,4.437023961790648
2023-09-29,4.428686248599913
2023-10-02,4.44297219712928
2023-10-03,4.42018405724404
2023-10-04,4.43140331833201
2023-10-05,4.425607206368138
2023-10-06,4.431671313532435
2023-10-09,4.432553441284404
2023-10-10,4.444727106744592
2023-10-11,4.485372655725874
2023-10-12,4.493015661240503
2023-10-13,4.443834949271558
2023-10-16,4.471932651097715
2023-10-17,4.444451242976985
2023-10-18,4.409643484637565
2023-10-19,4.386948529087072
2023-10-20,4.335875573214379
2023-10-23,4.3537298708009
2023-10-24,4.376310567460973
2023-10-25,4.263746350204856
2023-10-26,4.208584432751534
2023-10-27,4.210207087735716
2023-10-30,4.237613406439987
2023-10-31,4.239468454999662
2023-11-01,4.282198339291768
2023-11-02,4.3046319520196406
2023-11-03,4.318983225555383
2023-11-06,4.3319683054003395
2023-11-07,4.364932711862957
2023-11-08,4.378296851768758
2023-11-09,4.362854800040155
2023-11-10,4.440277087428332
2023-11-13,4.431263656637897
2023-11-14,4.493646764777472
2023-11-15,4.478349227687719
2023-11-16,4.459769622069217
2023-11-17,4.465238020449564
2023-11-20,4.510969964440072
2023-11-21,4.4991606705548985
2023-11-22,4.500032120800278
2023-11-24,4.4853478583552056
2023-11-27,4.476112092443661
2023-11-28,4.5037885407610565
2023-11-29,4.464848724167753
2023-11-30,4.433516052501325
2023-12-01,4.43220095484496
2023-12-04,4.3822801304498835
2023-12-05,4.4175373992491895
2023-12-06,4.384672794981238
2023-12-07,4.4149541787751385
2023-12-08,4.442366686692529
2023-12-11,4.4511564727701725
2023-12-12,4.460443188054691
2023-12-13,4.50172257990526
2023-12-14,4.498076033535917
2023-12-15,4.537487781809952
2023-12-18,4.581928615788331
2023-12-19,4.595341356645379
2023-12-20,4.541917852343607
2023-12-21,4.582634730660246
2023-12-22,4.5786797468558404
2023-12-26,4.5965464463455135
2023-12-27,4.610815211619072
2023-12-28,4.594420491642064
2023-12-29,4.568332872440006
2024-01-02,4.507110792431373
2024-01-03,4.463502114643976
2024-01-04,4.440270600370052
2024-01-05,4.452832030361637
2024-01-08,4.526691066149009
2024-01-09,4.549703031765627
2024-01-10,4.598361188390869
2024-01-11,4.616107499855998
2024-01-12,4.635829171748213
2024-01-16,4.640404591317006
2024-01-17,4.626855397478919
2024-01-18,4.6637469251636645
2024-01-19,4.739101849021676
2024-01-22,4.732986725466487
2024-01-23,4.746956608856163
2024-01-24,4.779858005572214
2024-01-25,4.785979673102548
2024-01-26,4.776997287262253
2024-01-29,4.823566678977328
2024-01-30,4.811809609704124
2024-01-31,4.714524071064567
2024-02-01,4.769676881518832
2024-02-02,4.95120486408764
2024-02-05,4.9653334621996805
2024-02-06,4.947507592335009
2024-02-07,5.017329527483963
2024-02-08,5.02800225220988
2024-02-09,5.0626652493765665
2024-02-12,5.04188026257907
2024-02-13,4.9799423760516826
2024-02-14,5.0242171616404185
2024-02-15,5.010686154318016
2024-02-16,4.993222051451404
2024-02-20,4.961680236835494
2024-02-21,4.94694555535283
2024-02-22,5.113737016658239
2024-02-23,5.115625162504916
2024-02-26,5.1366758775090195
2024-02-27,5.130752918625574
2024-02-28,5.121187324188424
2024-02-29,5.148546115779466
2024-03-01,5.232839578169667
2024-03-04,5.213594517134921
2024-03-05,5.14100339947598
2024-03-06,5.172973004015147
2024-03-07,5.229219834075601
2024-03-08,5.113003103612132
2024-03-11,5.055068545032347
2024-03-12,5.106139675878979
2024-03-13,5.08354934335212
2024-03-14,5.0798791765721605
2024-03-15,5.032791411568616
2024-03-18,5.05407605344942
2024-03-19,5.067076925853033
2024-03-20,5.12290842014986
2024-03-21,5.164203518637232
2024-03-22,5.189488978519872
2024-03-25,5.180668167485441
2024-03-26,5.149227201831602
2024-03-27,5.136665897284492
2024-03-28,5.135916908123939
2024-04-01,5.161011880778202
2024-04-02,5.143523914909804
2024-04-03,5.139294751232814
2024-04-04,5.083016718276788
2024-04-05,5.127578680473178
2024-04-08,5.123717366464989
2024-04-09,5.132381309586798
2024-04-10,5.1237589253015665
2024-04-11,5.172435803192072
2024-04-12,5.118322670845908
2024-04-15,5.020693978308385
2024-04-16,5.015973705914717
2024-04-17,4.990232854627304
2024-04-18,4.976099929592114
2024-04-19,4.9621067796491465
2024-04-22,4.9757988034179474
2024-04-23,4.9668296492138815
2024-04-24,4.969063468239044
2024-04-25,4.957244793296476
2024-04-26,5.004347485876086
2024-04-29,4.98503260302308
2024-04-30,4.9351408304875966
2024-05-01,4.92348196437225
2024-05-02,4.938655279316801
2024-05-03,4.986459101631955
2024-05-06,5.027272661619381
2024-05-07,5.0273639447291
2024-05-08,5.003887857177273
2024-05-09,5.000653160848323
2024-05-10,4.997612646652496
2024-05-13,5.002296879573367
2024-05-14,5.050304651269897
2024-05-15,5.1021234203793675
2024-05-16,5.105167875863888
2024-05-17,5.103377174794634
2024-05-20,5.117305911666443
2024-05-21,5.165641351239231
2024-05-22,5.143540291623307
2024-05-23,5.132520455649991
2024-05-24,5.201724015749901
2024-05-28,5.229978352483498
2024-05-29,5.2086271968361215
2024-05-30,5.142909207540929
2024-05-31,5.117341119490158
2024-06-03,5.159732744853198
2024-06-04,5.182595145387053
2024-06-05,5.284088840147289
2024-06-06,5.277674013967117
2024-06-07,5.277766945046995
2024-06-10,5.292639876014128
2024-06-11,5.340825402456422
2024-06-12,5.399985032522817
2024-06-13,5.470076775474165
2024-06-14,5.473928348205821
2024-06-17,5.559285199723068
2024-06-18,5.541208611550771
2024-06-20,5.474177186401219
2024-06-21,5.423037009771416
2024-06-24,5.357732205244271
2024-06-25,5.444204291956504
2024-06-26,5.512290112636548
2024-06-27,5.525492115365946
2024-06-28,5.475880168437638
2024-07-01,5.563783976941331
2024-07-02,5.659526613356568
2024-07-03,5.712100221346513
2024-07-05,5.7951649576025615
2024-07-08,5.807204705877313
2024-07-09,5.837540844402922
2024-07-10,5.890235328949853
2024-07-11,5.685163528009068
2024-07-12,5.694942486305437
2024-07-15,5.705660704174171
2024-07-16,5.699434335586445
2024-07-17,5.652664185227639
2024-07-18,5.621342809948548
2024-07-19,5.593160055824638
2024-07-22,5.628081698927092
2024-07-23,5.612166046941014
2024-07-24,5.38300007127435
2024-07-25,5.3889981481213445
2024-07-26,5.394513057998551
2024-07-29,5.426830201622982
2024-07-30,5.40596303034104
2024-07-31,5.435422889280099
2024-08-01,5.396815628227773
2024-08-02,5.406316180189335
2024-08-05,5.394169865296306
2024-08-06,5.389365862679828
2024-08-07,5.3871787214817495
2024-08-08,5.388997533658572
2024-08-09,5.3879822854924715
2024-08-12,5.388501815534961
2024-08-13,5.405416799465137
2024-08-14,5.405398639304803
2024-08-15,5.471987367571158
2024-08-16,5.467544914490977
2024-08-19,5.50434513187024
2024-08-20,5.4946413483593
2024-08-21,5.508727224429409
2024-08-22,5.436606066262321
2024-08-23,5.477261866701243
2024-08-26,5.426808017469499
2024-08-27,5.448548144066397
2024-08-28,5.402839750207401
2024-08-29,5.370091544999701
2024-08-30,5.401603238449454
2024-09-03,5.257753513885409
2024-09-04,5.271910457790841
2024-09-05,5.313800960418308
2024-09-06,5.1337881931912746
2024-09-09,5.172539980067611
2024-09-10,5.2224234084085595
2024-09-11,5.255162469872043
2024-09-12,5.31516280715689
2024-09-13,5.328409362077679
2024-09-16,5.298737414198556
2024-09-17,5.307484989065665
2024-09-18,5.293175018174562
2024-09-19,5.374542304496757
2024-09-20,5.367099095102776
2024-09-23,5.401608459971568
2024-09-24,5.400857183653766
2024-09-25,5.41341731865929
2024-09-26,5.413876454722299
2024-09-27,5.3907034620326675
2024-09-30,5.401412610437115
2024-10-01,5.334694275396152
2024-10-02,5.323449946006756
2024-10-03,5.325161822304907
2024-10-04,5.40041725981752
2024-10-07,5.32094957880887
2024-10-08,5.401878610386848
2024-10-09,5.417198094263345
2024-10-10,5.407593965432141
2024-10-11,5.3527408424511576
2024-10-14,5.379432786325126
2024-10-15,5.3397570044943
2024-10-16,5.3424175985329185
2024-10-17,5.355941525077379
2024-10-18,5.3637072517251925
2024-10-21,5.387668294904387
2024-10-22,5.391939990604767
2024-10-23,5.317356183571963
2024-10-24,5.316468623750228
2024-10-25,5.336660534027918
2024-10-28,5.3200985637625555
2024-10-29,5.344232661198741
2024-10-30,5.332032774579237
2024-10-31,5.173507961142121
2024-11-01,5.206634826791461
2024-11-04,5.195685426777918
2024-11-05,5.24548867911542
2024-11-06,5.389414751254313
2024-11-07,5.442398347268741
2024-11-08,5.440069367634106
2024-11-11,5.455449262873487
2024-11-12,5.441218956337042
2024-11-13,5.436353893659609
2024-11-14,5.383886776947103
2024-11-15,5.303397135775561
2024-11-18,5.33935982832597
2024-11-19,5.3727404323508985
2024-11-20,5.349751867710469
2024-11-21,5.324682565210197
2024-11-22,5.319429438406271
2024-11-25,5.285028771722901
2024-11-26,5.310696213253146
2024-11-27,5.291162333375605
2024-11-29,5.325696655810211
2024-12-02,5.385662878795018
2024-12-03,5.419967625770937
2024-12-04,5.484012691986095
2024-12-05,5.498390926255117
2024-12-06,5.562727583386203
2024-12-09,5.561885927674915
2024-12-10,5.582003984397992
2024-12-11,5.675344648032424
2024-12-12,5.644208527878771
2024-12-13,5.784725960700984
2024-12-16,5.872955382878284
2024-12-17,5.861127783511632
2024-12-18,5.7054498475318605
2024-12-19,5.7033520935066715
2024-12-20,5.702265315436679
2024-12-23,5.77080579191678
2024-12-24,5.865143265346143
2024-12-26,5.85683044033383
2024-12-27,5.768670699892051
2024-12-30,5.701952005054866
2024-12-31,5.648497063679851
